quarter_cad_number,arith_mean,median,count,geom_mean
78:10:0005203,142608.885,142608.885,2,141945.15364430108
78:10:0005211,128932.54066666665,154314.12,15,96581.50596924983
78:10:0005212,158114.76541666666,162756.215,24,149534.388871628
78:10:0005217,149421.84833333333,150470.535,36,145752.92739999035
78:10:0005218,140876.4853846154,153721.68,13,125309.75405820679
78:10:0005224,120797.79333333333,131793.76,6,112296.15799023148
78:10:0005225,86921.72571428571,118101.55,7,69695.39271473004
78:10:0522301,114231.11333333334,116853.93,9,107415.87168876354
